[
  {
    "baseType": 21,
    "name": "Group",
    "description": "",
    "helpText": "",
    "isSystem": false,
    "values": [
      {
        "value": "None",
        "isDefault": true,
        "isVisible": true
      },
      {
        "value": "aelreh",
        "isDefault": false,
        "isVisible": true
      },
      {
        "value": "CAB Approval",
        "isDefault": false,
        "isVisible": true
      },
      {
        "value": "Consulting",
        "isDefault": false,
        "isVisible": true
      },
      {
        "value": "Default Group",
        "isDefault": false,
        "isVisible": true
      },
      {
        "value": "First Line",
        "isDefault": false,
        "isVisible": true
      },
      {
        "value": "Hardware",
        "isDefault": false,
        "isVisible": true
      },
      {
        "value": "new cab two",
        "isDefault": false,
        "isVisible": true
      },
      {
        "value": "new name",
        "isDefault": false,
        "isVisible": true
      },
      {
        "value": "Stakeholder Group",
        "isDefault": false,
        "isVisible": true
      },
      {
        "value": "test cab approval",
        "isDefault": false,
        "isVisible": true
      },
      {
        "value": "Test Group",
        "isDefault": false,
        "isVisible": true
      }
    ]
  },
  {
    "baseType": 3,
    "name": "New Group Description",
    "defaultValue": "",
    "description": "",
    "helpText": "Enter the description for the new group.  Leave empty to copy description of selected group",
    "isSystem": false,
    "minLength": 0,
    "maxLength": 200,
    "validationRegex": "",
    "isValidate": false
  },
  {
    "baseType": 3,
    "name": "New Group name",
    "defaultValue": "",
    "description": "",
    "helpText": "Enter the name of the new group",
    "isSystem": false,
    "minLength": 0,
    "maxLength": 100,
    "validationRegex": "",
    "isValidate": false
  }
]