{
  "integrations": [
    {
      "id": "16fe62e7-1f35-4f3d-8467-938f725dd585",
      "name": "Create New group",
      "action": "RUN_SCRIPT",
      "type": "OUTBOUND_WEBHOOK",
      "triggeredBy": "STATUS",
      "deployed": true,
      "form": "33d5d100-1c92-4f44-a4a1-c68fff086c18",
      "script": "//Use shared library functions\nvar util = require('shifts');\nvar util2 = require('util');\n\n//Parse the payload\nvar payload = util.parseProperties(JSON.parse(request.body));\nif(payload.status==='active'){\n    \n    //Get event\n    var thisEvent = util2.getEvent(payload.eventIdentifier);\n\n\n    //Get properties\n    //var group = payload.eventProperties.Group; \n    //var groupName = group.split(' - ')[0]; \n    \n    var group = payload.eventProperties.Group;\n    var groupName = group.split(\" ['\")[0];\n    group = group.replace(\"['\", \" - \");\n    group = group.replace(\"']\", \"\");\n\n\n    var newGroup = payload.eventProperties['New Group name'];\n    var newDescription = payload.eventProperties['New Group Description'];\n    \n    //if newGroup does not already exist..\n    if(util.groupExists(newGroup, payload.eventIdentifier)){\n            \n        console.log(\"creating '\" + newGroup + \"' as a copy of '\" + groupName + \"' with description\\n\" + newDescription);\n        \n        \n        \n        //Create New Group\n        var grp = util.getGroup(groupName);\n        \n        var createGrpRes = util.createGroup(grp, newGroup, newDescription);\n        if(!createGrpRes.hasOwnProperty('id')){\n            console.log(\"A problem occured creating the new group\");\n            return;\n        }\n        \n        \n        //Delete default Shift\n        util.deleteDefaultShift(createGrpRes.id, 'Default Shift');\n        \n        \n        //Create New Shifts and members\n        var shifts = util.getShifts(grp.id);\n        console.log(\"There are \"+ shifts.count + \" shifts in \"+ group + \" group\");\n        for (var s in shifts.data){\n            var res = util.createShift(createGrpRes.id, shifts.data[s]);\n            \n            if(typeof res.code !== 'undefined'){\n                var comment = \"Problem creating Shift:\" +shifts.data[s].name + \"\\n\" + res.message;\n                util2.addCommentToEvent(payload.eventIdentifier, comment);\n            }\n        }\n        \n        //now add the new group to the group property\n            \n        // get the field UUIDs from constants\n        var u = constants['Group Property UUIDs'].split(','); \n        \n        //get array of group names - descriptions\n        var v = util2.getGroups();\n        \n        //populate field with values\n        for(var x in u){\n            util2.syncProperty(u[x].trim(),v);\n        }\n        \n        console.log(\"completed syncing properties\");\n    \n    }//end if new group does not exist \n        \n    //kill this event\n    util2.terminateEvent(payload.eventIdentifier);\n}\n",
      "environment": "HOSTED",
      "authType": "NONE"
    },
    {
      "id": "4aec893b-79e8-4d87-9ae9-7f167aace006",
      "name": "Populate Group Property",
      "action": "RUN_SCRIPT",
      "type": "OUTBOUND_WEBHOOK",
      "triggeredBy": "STATUS",
      "deployed": true,
      "form": "743c76f7-0d18-43c8-b84a-f490e02a64fd",
      "script": "// include shared library\nvar util = require('util');\n\nvar payload = util.parseProperties(JSON.parse(request.body));\n\nif(payload.status === 'active'){\n        \n    // get the field UUIDs from constants\n    var u = constants['Group Property UUIDs'].split(','); \n    \n    //get array of group names - descriptions\n    var v = util.getGroups();\n    \n    //populate field with values\n    for(var x in u){\n        util.syncProperty(u[x].trim(),v);\n    }\n    \n    console.log(\"completed syncing properties\");\n}",
      "environment": "HOSTED",
      "authType": "NONE"
    }
  ],
  "endpoints": [],
  "constants": [
    {
      "name": "Group Property UUIDs",
      "value": "6b9462bc-6dee-45c0-a7ba-c4ac91f7250b",
      "description": "A comma delimited list of Group property UUIDs"
    }
  ]
}