[
  {
    "name": "shifts",
    "script": "//MrT: functions for groups and shifts\n\nexports.parseProperties = function(payload){\n     if (payload.eventProperties && Array.isArray(payload.eventProperties)) {\n        var eventProperties = payload.eventProperties;\n        payload.eventProperties = {};\n    \n        for (var i = 0; i < eventProperties.length; i++) {\n            var eventProperty = eventProperties[i];\n            var key = Object.keys(eventProperty)[0];\n            payload.eventProperties[key] = eventProperty[key];\n        }\n    }\n    return payload;\n };\n\nexports.deleteDefaultShift = function(group, shift){\n    console.log(\"Deleting '\" + shift + \"' shift in new group '\" + group + \"'\");\n    var request = http.request({ \n      \"endpoint\": \"xMatters\",\n      \"path\": \"/api/xm/1/groups/\" + encodeURIComponent(group) + \"/shifts/\" + encodeURIComponent(shift),\n      /*\"path\" : \"api/xm/1/groups/Oracle Administrators/shifts/0a344f68-5175-45d0-af6b-20f5e31bf646\",*/\n      \"method\": \"DELETE\",\n      \"headers\" : {\"Content-Type\": \"application/json\"}\n     });\n    \n    response = request.write();\n    \n    if (response.statusCode == 200){\n        json = JSON.parse(response.body);\n        console.log(\"Deleted the shift: \" + json.name + \" belonging to \" +json.targetName);\n    }\n    else if (response.status.Code == 204){\n        console.log(\"The shift could not be found.\");\n    }\n};\n\nexports.getShifts = function(group){\n    console.log(\"Getting shifts for group'\" + group + \"'\");\n    var request = http.request({ \n         \"endpoint\": \"xMatters\",\n         \"path\": \"/api/xm/1/groups/\" + encodeURIComponent(group) + \"/shifts?embed=members\",\n         \"method\": \"GET\"\n     });\n    \n    var response = request.write();\n    \n    if (response.statusCode == 200 ) {\n        json = JSON.parse(response.body);\n        console.log(\"Retrieved \" + json.count + \" of \" +json.total + \"shifts\");\n        return json;\n        \n    }\n}\n\nexports.createShift = function(group, shift){\n    console.log(\"Creating a new shift '\" + shift + \"' for group '\" + group +\"'\");\n    var request = http.request({ \n         \"endpoint\": \"xMatters\",\n         \"path\": \"/api/xm/1/groups/\" + encodeURIComponent(group) + \"/shifts\",\n         \"method\": \"POST\",\n         \"headers\" : {\"Content-Type\": \"application/json\"}\n     });\n    \n    var data = {};\n    data.name = shift.name;\n    data.description = shift.description\n    data.start = shift.start;\n    data.end = shift.end;\n    data.timezone = shift.timezone;\n    \n    data.recurrence = getRecurrence(shift.recurrence);\n    \n    //console.log('New Shift: ' + JSON.stringify(data));\n    \n    var response = request.write(data);\n    \n    if (response.statusCode == 201) {\n        var json = JSON.parse(response.body);\n        console.log(\"Created shift: \" + json.name + \". ID = \" + json.id);\n        for(var m in shift.members.data){\n            createShiftMembers(group, json.id, shift.members.data[m]);\n        }\n        \n    }\n    \n    return JSON.parse(response.body);\n    \n};\n\nvar createShiftMembers = function(group, shift, m){\n    console.log(\"creating members for shift '\" + shift + \"' in group '\" + group +\"'\");\n        var request = http.request({ \n         \"endpoint\": \"xMatters\",\n         \"path\": \"/api/xm/1/groups/\" + encodeURIComponent(group) + \"/shifts/\" + encodeURIComponent(shift) + \"/members\",\n         \"method\": \"POST\",\n         \"headers\" : {\"Content-Type\": \"application/json\"}\n     });\n    \n    var data = {};\n    data.position = m.position;\n    data.delay = m.delay;\n    data.escalationType = m.escalationType;\n    data.inRotation = m.inRotation;\n    var memberInfo = {};\n    memberInfo.id = m.recipient.id;\n    memberInfo.recipientType = m.recipient.recipientType;\n    data.recipient = memberInfo;\n    \n    response = request.write(data);\n    \n    if (response.statusCode == 200) {\n       json = JSON.parse(response.body);\n       console.log( \"Added member: \" + json.recipient.id);\n    }\n};\n\nvar getRecurrence = function(r){\n    console.log(\"Getting shift recurrence '\" + r.frequency + \"'\");\n    //get the frequency\n    //switch the frequency to create respective recurrence object\n    \n    var recurrence = {};\n    var end = {};\n    switch(r.frequency.toLowerCase()){\n        case 'once':\n            recurrence.frequency = r.frequency;\n            break;\n            \n        case 'daily':\n\t\t\trecurrence.frequency = \"DAILY\",\n\t\t\trecurrence.repeatEvery = r.repeatEvery;\n            end.endBy = r.end.endBy;\n            if(r.end.hasOwnProperty('date'))end.date = r.end.date;\n            if(r.end.hasOwnProperty('repetitions'))end.repetitions = r.end.repetitions;\n            recurrence.end = end;\n            break;\n            \n            \n        case 'weekly':\n\t\t\trecurrence.frequency = r.frequency;\n\t\t\trecurrence.repeatEvery = r.repeatEvery;\n\t\t\trecurrence.onDays = r.onDays;\n            end.endBy = r.end.endBy;\n            if(r.end.hasOwnProperty('date'))end.date = r.end.date;\n            if(r.end.hasOwnProperty('repetitions'))end.repetitions = r.end.repetitions;\n            recurrence.end = end;\n\t\t    break;\n\t\t    \n\t\tcase 'every_weekday':\n\t\t    recurrence.frequency = r.frequency;\n\t\t    end.endBy = r.end.endBy;\n\t\t    if(r.end.hasOwnProperty('date'))end.date = r.end.date;\n            if(r.end.hasOwnProperty('repetitions'))end.repetitions = r.end.repetitions;\n            recurrence.end = end;\n\t\t    break;\n\t\t    \n\t\tcase 'every_weekend_day':\n\t\t    recurrence.frequency = r.frequency;\n\t\t    end.endBy = r.end.endBy;\n\t\t    if(r.end.hasOwnProperty('date'))end.date = r.end.date;\n            if(r.end.hasOwnProperty('repetitions'))end.repetitions = r.end.repetitions;\n            recurrence.end = end;\n\t\t    break;\n\t\t    \n\t\tcase 'monthly':\n\t\t    recurrence.frequency = r.frequency;\n\t\t\trecurrence.months = r.months;\n\t\t\tif(r.hasOwnProperty('dayOfWeekClassifier')) recurrence.dayOfWeekClassifier = r.dayOfWeekClassifier;\n\t\t\tif(r.hasOwnProperty('dayOfWeek')) recurrence.dayOfWeek = r.dayOfWeek;\n\t\t\tif(r.hasOwnProperty('dateOfMonth')) recurrence.dateOfMonth = r.dateOfMonth;\n\t\t\tend.endBy = r.end.endBy;\n\t\t\tif(r.end.hasOwnProperty('date'))end.date = r.end.date;\n            if(r.end.hasOwnProperty('repetitions'))end.repetitions = r.end.repetitions;\n            recurrence.end = end;\n\t\t\trecurrence.on = r.on;\n\t\t    break;\n\t\t  \n\t\t    \n\t\tcase 'yearly':\n\t\t    recurrence.frequency = r.frequency;\n\t\t    end.endBy = r.end.endBy;\n\t\t    if(r.end.hasOwnProperty('date'))end.date = r.end.date;\n            if(r.end.hasOwnProperty('repetitions'))end.repetitions = r.end.repetitions;\n            recurrence.end = end;\n\t\t    break;\n\t\t    \n\t\tcase 'holiday':\n\t\t    recurrence.frequency = r.frequency;\n\t\t    break;\n\t\t    \n\t}\n\treturn recurrence;\n};\n\nexports.getGroup = function(groupName) {\n    console.log(\"Getting Group '\" + groupName + \"'\");\n    //Create request object\n    var xMGroupRequ = http.request( { \n         \"endpoint\": \"xMatters\",\n         \"path\": '/api/xm/1/groups/' + encodeURIComponent(groupName) + '?embed=supervisors',\n         //no allowance for pagenation, we assume there are less than 100 group supervisors\n         \"method\": \"GET\"\n     } );\n     \n    //Execute request\n    var xMGroupRequResponse = xMGroupRequ.write();\n    \n    if (xMGroupRequResponse.statusCode == 200 ) {\n        return JSON.parse(xMGroupRequResponse.body);\n    }else {\n        return JSON.parse(xMGroupRequResponse);\n    }\n    \n    console.log( 'ERROR getGroup - Request to xMatters returned code ' + xMGroupRequResponse.statusCode);\n    return null;  //request failed\n};\n\nexports.groupExists = function(groupName, eventId) {\n    console.log(\"Checking if Group '\" + groupName + \"' exists\");\n    //Create request object\n    var xMGroupRequ = http.request( { \n         \"endpoint\": \"xMatters\",\n         \"path\": '/api/xm/1/groups/' + encodeURIComponent(groupName),\n         //no allowance for pagenation, we assume there are less than 100 group supervisors\n         \"method\": \"GET\"\n     } );\n     \n    //Execute request\n    var xMGroupRequResponse = xMGroupRequ.write();\n    if (xMGroupRequResponse.statusCode == 200 ) {\n        var util = require('util');\n        var comment = \"The group '\" + groupName + \"' already exists\";\n        util.addCommentToEvent(eventId, comment);\n        return false;\n    }else {\n        return true;\n    }\n    \n    console.log( 'ERROR getGroup - Request to xMatters returned code ' + xMGroupRequResponse.statusCode);\n    return null;  //request failed\n};\n\nexports.createGroup = function(g, newGroup, newDescription){\n    console.log(\"Creating new Group: \" + newGroup + \"\\n\" + newDescription);\n    var request = http.request({ \n         \"endpoint\": \"xMatters\",\n         \"path\": \"/api/xm/1/groups/\",\n         \"method\": \"POST\",\n         \"headers\" : {\"Content-Type\": \"application/json\"}\n     });\n    \n    var data = {};\n    data.recipientType = 'GROUP';\n    data.targetName = newGroup;\n    data.status = 'ACTIVE';\n    data.allowDuplicates = g.allowDuplicates;\n    data.useDefaultDevices = g.useDefaultDevices;\n    data.observedByAll = g.observedByAll;\n    if(typeof newDescription == 'undefined'){\n        data.description = g.description;\n    }else{\n        data.description = newDescription;\n    }\n    if(g.hasOwnProperty('site')) data.site = g.site.id;\n    var supervisors = [];\n    for (var s in g.supervisors.data){\n        supervisors.push(g.supervisors.data[s].id);\n    }\n    data.supervisors = supervisors;\n    \n    console.log(JSON.stringify(data));\n    \n    response = request.write(data);\n    \n    if (response.statusCode == 201) {\n        json = JSON.parse(response.body);\n        console.log( \"Created group: \" + json.targetName + \". ID = \"+ json.id);\n        return json;\n    }\n};"
  },
  {
    "name": "util",
    "script": "/*\n * Created by MrT (xMatters Consulting) \n * My commonly used functions\n */\n \n var EVENT_STATUS = {\n    ACTIVE: 'ACTIVE',\n    SUSPENDED: 'SUSPENDED',\n    TERMINATED: 'TERMINATED'\n};\n \n exports.parseProperties = function(payload){\n     if (payload.eventProperties && Array.isArray(payload.eventProperties)) {\n        var eventProperties = payload.eventProperties;\n        payload.eventProperties = {};\n    \n        for (var i = 0; i < eventProperties.length; i++) {\n            var eventProperty = eventProperties[i];\n            var key = Object.keys(eventProperty)[0];\n            payload.eventProperties[key] = eventProperty[key];\n        }\n    }\n    return payload;\n };\n\n//Internal function to check if return code is valid\nvar isValidStatusCode = function(statusCode) {\n    return statusCode >= 200 && statusCode <= 299;\n};\n\n\n/**\n * Determine if an HTTP status code represents success\n *\n * @param {number} statusCode from an HTTP request\n * @returns {boolean} true if successful; false otherwise\n */\nexports.isValidStatusCode = isValidStatusCode;\n\n\nexports.getUsersDevices = function(user){\n    console.log(\"Getting user devices for '\"+user+\"'\");\n    var request = http.request({ \n         \"endpoint\": \"xMatters\",\n         \"path\": \"/api/xm/1/people/\"+user+\"/devices?embed=timeframes\",\n         \"method\": \"GET\"\n     });\n    \n    var response = request.write();\n    \n    if (response.statusCode == 200 ) {\n       return JSON.parse(response.body);\n    }else {\n        return JSON.parse(response);\n    }\n};\n\nexports.getEvent = function(eventID) {\n    console.log('getEvent - Finding event details for event ID [' + eventID + ']');\n    \n    var xMEventRequest = http.request( { \n         \"endpoint\": \"xMatters\",\n         \"path\": \"/api/xm/1/events/\" + eventID + '?embed=properties,responseOptions,messages,recipients&targeted=true',\n         \"method\": \"GET\"\n    } );\n     \n    var xMEventResponse = xMEventRequest.write();\n     \n    if (xMEventResponse.statusCode == 200 ) {\n       return JSON.parse(xMEventResponse.body);\n    } else {\n        return JSON.parse(xMEventResponse);\n    }\n};\n\nexports.terminateEvent = function(eventId) {\n    console.log(\"terminating event \" + eventId);\n    var response = http.request({\n        'endpoint': 'xMatters',\n        'method': 'POST',\n        'path': '/api/xm/1/events',\n        'headers': {\n            'Content-Type': 'application/json'\n        }\n    }).write({\n        id: eventId,\n        status: EVENT_STATUS.TERMINATED\n    });\n    if(isValidStatusCode(response.statusCode)) {\n        return true;\n    } else {\n        return false;\n    }\n};\n\nexports.addCommentToEvent = function(eventId, comment){\n    console.log(\"Adding comment to event\\n\" + comment);\n    var request = http.request({ \n         \"endpoint\": \"xMatters\",\n         \"path\": \"/api/xm/1/events/\" + eventId + \"/annotations\",\n         \"method\": \"POST\",\n         \"headers\" : {\"Content-Type\": \"application/json\"}\n     });\n    \n    var data = {};\n    data.comment = comment;\n    \n    \n    response = request.write(data);\n    \n    if (response.statusCode == 201) {\n        json = JSON.parse(response.body);\n    }\n};\n\n// function used to update comm plan property values\n// 'uuid' - the uuid of the respective form property\n// 'vals' - the complete new set of property values\n//\nexports.syncProperty = function(uuid, vals){\n    \n    var u = uuid;\n    var v = vals;\n    \n    var xMRequest = http.request( { \n         \"endpoint\": \"xMatters\",\n         \"path\": \"reapi/2015-01-01/properties/\" + u + \"/values\",\n         \"method\": \"PUT\"\n    } );\n    \n    try{\n        var response = xMRequest.write(v);\n        \n        if(isValidStatusCode(response.statusCode)) {\n            return true;\n        } else {\n            return JSON.parse(response);\n        }\n    } catch(err){\n        console.log(\"An error has occured\\n\" + err.message);\n    }\n    \n};\n\n//MrT: return a list of group names - group descriptions\nexports.getGroups = function(query) {\n    var pageSize = 100;  //Usual 100, max 1000\n    \n    var params = '';\n    if ( query )  {\n        params = '&' + query;\n    }\n    \n    var pageOffset = 0; var counter = 0; var total = 1;\n    var fullData = [];\n    while (counter < total)  {\n        //Create request object\n        var xMGroupsRequ = http.request( { \n             \"endpoint\": \"xMatters\",\n             \"path\": '/api/xm/1/groups/?offset=' + pageOffset + '&limit=' + pageSize + params,\n             \"method\": \"GET\"\n         } );\n    \n        //Execute request\n        var xMGroupsRequResponse = xMGroupsRequ.write();\n    \n        if (xMGroupsRequResponse.statusCode != 200 ) {\n           console.log('ERROR getGroups - Response code ' + xMGroupsRequResponse.statusCode + ' while requesting page offset ' + pageOffset );\n           return null;\n        }\n        \n        //Set a default None option\n        fullData.push('None*');\n        \n        //Decode\n        var response = JSON.parse(xMGroupsRequResponse.body);\n        for(var x in response.data){\n            var grp = response.data[x].targetName;\n            //if(response.data[x].description !== \"\") grp += \" ['\" + response.data[x].description + \"']\";\n            fullData.push(grp);\n        }\n        \n        //Update counts and slurp data\n        counter = pageOffset + response.count;\n        total = response.total;\n        pageOffset = counter;\n        //fullData += grpList;\n    }\n        \n    return fullData ;\n};\n\n\n\n"
  }
]